{
    "loss": 0.23105964064598083,
    "accuracy": 0.9568345546722412
}