{
    "loss": 4.056552410125732,
    "accuracy": 0.687050342559814
}