{
    "loss": 16.34660530090332,
    "accuracy": 0.5179855823516846
}