{
    "loss": 4.056552410125732,
    "accuracy": 0.707050342559814
}