{
    "loss": 6.944993495941162,
    "accuracy": 0.5035971403121948
}