{
    "loss": 7.853117942810059,
    "accuracy": 0.5611510872840881
}